image_id,label
train_1a,rice
train_1b,candy
train_1c,jam
train_1d,coffee
train_2a,vinegar
train_2b,chocolate
train_2c,sugar
train_2d,water
train_3a,juice
train_3b,candy
train_3c,juice
train_3d,juice
train_4a,candy
train_4b,milk
train_4c,coffee
train_4d,rice
train_5a,chocolate
train_5b,soda
train_5c,juice
train_5d,nuts
train_6a,chips
train_6b,spices
train_6c,cereal
train_6d,chips
train_7a,milk
train_7b,cereal
train_7c,candy
train_7d,chocolate
train_8a,beans
train_8b,cake
train_8c,rice
train_8d,cereal
train_9a,nuts
train_9b,juice
train_9c,coffee
train_9d,spices
train_10a,jam
train_10b,honey
train_10c,juice
train_10d,rice
train_11a,coffee
train_11b,chocolate
train_11c,milk
train_11d,vinegar
train_12a,flour
train_12b,pasta
train_12c,candy
train_12d,cereal
train_13a,chips
train_13b,cereal
train_13c,juice
train_13d,honey
train_14a,tomatosauce
train_14b,rice
train_14c,candy
train_14d,tomatosauce
train_15a,tea
train_15b,candy
train_15c,chocolate
train_15d,jam
train_16a,water
train_16b,coffee
train_16c,tea
train_16d,jam
train_17a,vinegar
train_17b,tea
train_17c,cereal
train_17d,flour
train_18a,rice
train_18b,chocolate
train_18c,flour
train_18d,candy
train_19a,corn
train_19b,soda
train_19c,coffee
train_19d,honey
train_20a,coffee
train_20b,vinegar
train_20c,jam
train_20d,coffee
train_21a,tea
train_21b,coffee
train_21c,chocolate
train_21d,cake
train_22a,milk
train_22b,honey
train_22c,oil
train_22d,fish
train_23a,nuts
train_23b,fish
train_23c,chips
train_23d,juice
train_24a,nuts
train_24b,candy
train_24c,corn
train_24d,cereal
train_25a,flour
train_25b,beans
train_25c,chocolate
train_25d,cereal
train_26a,oil
train_26b,corn
train_26c,soda
train_26d,coffee
train_27a,chips
train_27b,vinegar
train_27c,tea
train_27d,cake
train_28a,juice
train_28b,tomatosauce
train_28c,candy
train_28d,rice
train_29a,spices
train_29b,tomatosauce
train_29c,corn
train_29d,water
train_30a,candy
train_30b,cereal
train_30c,milk
train_30d,soda
train_31a,water
train_31b,cereal
train_31c,chips
train_31d,chocolate
train_32a,chocolate
train_32b,cereal
train_32c,milk
train_32d,water
train_33a,honey
train_33b,jam
train_33c,chocolate
train_33d,fish
train_34a,corn
train_34b,tomatosauce
train_34c,soda
train_34d,milk
train_35a,cereal
train_35b,chocolate
train_35c,beans
train_35d,rice
train_36a,chocolate
train_36b,cereal
train_36c,candy
train_36d,nuts
train_37a,honey
train_37b,chocolate
train_37c,tea
train_37d,soda
train_38a,milk
train_38b,sugar
train_38c,honey
train_38d,tomatosauce
train_39a,cereal
train_39b,candy
train_39c,chocolate
train_39d,cake
train_40a,candy
train_40b,coffee
train_40c,candy
train_40d,rice
train_41a,juice
train_41b,tomatosauce
train_41c,tomatosauce
train_41d,spices
train_42a,fish
train_42b,soda
train_42c,tea
train_42d,coffee
train_43a,water
train_43b,rice
train_43c,chocolate
train_43d,chocolate
train_44a,soda
train_44b,nuts
train_44c,rice
train_44d,juice
train_45a,chocolate
train_45b,fish
train_45c,candy
train_45d,candy
train_46a,cereal
train_46b,candy
train_46c,chocolate
train_46d,chips
train_47a,beans
train_47b,chips
train_47c,chocolate
train_47d,candy
train_48a,nuts
train_48b,pasta
train_48c,rice
train_48d,oil
train_49a,coffee
train_49b,tomatosauce
train_49c,rice
train_49d,candy
train_50a,honey
train_50b,water
train_50c,nuts
train_50d,milk
train_51a,rice
train_51b,jam
train_51c,honey
train_51d,chocolate
train_52a,rice
train_52b,tomatosauce
train_52c,nuts
train_52d,vinegar
train_53a,coffee
train_53b,cake
train_53c,jam
train_53d,cake
train_54a,juice
train_54b,pasta
train_54c,tea
train_54d,sugar
train_55a,coffee
train_55b,honey
train_55c,rice
train_55d,honey
train_56a,chips
train_56b,juice
train_56c,tea
train_56d,coffee
train_57a,nuts
train_57b,spices
train_57c,corn
train_57d,coffee
train_58a,milk
train_58b,cereal
train_58c,corn
train_58d,cake
train_59a,soda
train_59b,chocolate
train_59c,water
train_59d,honey
train_60a,fish
train_60b,soda
train_60c,candy
train_60d,soda
train_61a,candy
train_61b,beans
train_61c,vinegar
train_61d,chocolate
train_62a,cereal
train_62b,cake
train_62c,coffee
train_62d,sugar
train_63a,juice
train_63b,coffee
train_63c,corn
train_63d,candy
train_64a,rice
train_64b,candy
train_64c,milk
train_64d,vinegar
train_65a,rice
train_65b,corn
train_65c,spices
train_65d,vinegar
train_66a,coffee
train_66b,beans
train_66c,tea
train_66d,sugar
train_67a,soda
train_67b,candy
train_67c,juice
train_67d,flour
train_68a,tea
train_68b,milk
train_68c,candy
train_68d,spices
train_69a,jam
train_69b,nuts
train_69c,cereal
train_69d,candy
train_70a,rice
train_70b,water
train_70c,pasta
train_70d,milk
train_71a,jam
train_71b,tomatosauce
train_71c,fish
train_71d,pasta
train_72a,tea
train_72b,candy
train_72c,chocolate
train_72d,soda
train_73a,tomatosauce
train_73b,fish
train_73c,spices
train_73d,tea
train_74a,spices
train_74b,pasta
train_74c,nuts
train_74d,vinegar
train_75a,jam
train_75b,beans
train_75c,juice
train_75d,jam
train_76a,cereal
train_76b,coffee
train_76c,jam
train_76d,chocolate
train_77a,spices
train_77b,vinegar
train_77c,coffee
train_77d,chocolate
train_78a,chips
train_78b,candy
train_78c,candy
train_78d,candy
train_79a,candy
train_79b,oil
train_79c,oil
train_79d,corn
train_80a,flour
train_80b,spices
train_80c,candy
train_80d,corn
train_81a,pasta
train_81b,candy
train_81c,vinegar
train_81d,juice
train_82a,cereal
train_82b,tea
train_82c,jam
train_82d,pasta
train_83a,soda
train_83b,nuts
train_83c,candy
train_83d,rice
train_84a,soda
train_84b,soda
train_84c,corn
train_84d,soda
train_85a,honey
train_85b,candy
train_85c,juice
train_85d,honey
train_86a,tomatosauce
train_86b,coffee
train_86c,soda
train_86d,tomatosauce
train_87a,juice
train_87b,juice
train_87c,vinegar
train_87d,tea
train_88a,milk
train_88b,coffee
train_88c,nuts
train_88d,spices
train_89a,beans
train_89b,oil
train_89c,cereal
train_89d,sugar
train_90a,honey
train_90b,candy
train_90c,pasta
train_90d,chocolate
train_91a,milk
train_91b,honey
train_91c,milk
train_91d,pasta
train_92a,spices
train_92b,juice
train_92c,chocolate
train_92d,tea
train_93a,jam
train_93b,pasta
train_93c,tea
train_93d,juice
train_94a,water
train_94b,beans
train_94c,chips
train_94d,nuts
train_95a,corn
train_95b,cereal
train_95c,juice
train_95d,coffee
train_96a,water
train_96b,honey
train_96c,chocolate
train_96d,rice
train_97a,beans
train_97b,oil
train_97c,water
train_97d,fish
train_98a,chips
train_98b,cake
train_98c,juice
train_98d,flour
train_99a,pasta
train_99b,chips
train_99c,candy
train_99d,tea
train_100a,honey
train_100b,honey
train_100c,chocolate
train_100d,spices
train_101a,chocolate
train_101b,honey
train_101c,juice
train_101d,water
train_102a,juice
train_102b,coffee
train_102c,pasta
train_102d,juice
train_103a,vinegar
train_103b,juice
train_103c,pasta
train_103d,cake
train_104a,coffee
train_104b,chocolate
train_104c,juice
train_104d,oil
train_105a,milk
train_105b,honey
train_105c,pasta
train_105d,water
train_106a,rice
train_106b,candy
train_106c,cereal
train_106d,cereal
train_107a,rice
train_107b,cereal
train_107c,honey
train_107d,jam
train_108a,spices
train_108b,juice
train_108c,chocolate
train_108d,coffee
train_109a,coffee
train_109b,cereal
train_109c,chocolate
train_109d,coffee
train_110a,tomatosauce
train_110b,corn
train_110c,chocolate
train_110d,water
train_111a,cake
train_111b,cake
train_111c,water
train_111d,oil
train_112a,juice
train_112b,soda
train_112c,soda
train_112d,flour
train_113a,milk
train_113b,rice
train_113c,candy
train_113d,honey
train_114a,honey
train_114b,milk
train_114c,vinegar
train_114d,beans
train_115a,nuts
train_115b,sugar
train_115c,spices
train_115d,tomatosauce
train_116a,jam
train_116b,chips
train_116c,chips
train_116d,chips
train_117a,coffee
train_117b,cake
train_117c,pasta
train_117d,tea
train_118a,chocolate
train_118b,fish
train_118c,fish
train_118d,cereal
train_119a,flour
train_119b,chips
train_119c,coffee
train_119d,candy
train_120a,chips
train_120b,tea
train_120c,honey
train_120d,tomatosauce
train_121a,juice
train_121b,pasta
train_121c,tomatosauce
train_121d,honey
train_122a,tea
train_122b,water
train_122c,juice
train_122d,candy
train_123a,juice
train_123b,tea
train_123c,oil
train_123d,honey
train_124a,corn
train_124b,flour
train_124c,honey
train_124d,chips
train_125a,tea
train_125b,water
train_125c,chips
train_125d,spices
train_126a,pasta
train_126b,chocolate
train_126c,soda
train_126d,candy
train_127a,cake
train_127b,chips
train_127c,candy
train_127d,sugar
train_128a,tomatosauce
train_128b,chocolate
train_128c,candy
train_128d,coffee
train_129a,jam
train_129b,water
train_129c,beans
train_129d,soda
train_130a,tea
train_130b,chocolate
train_130c,water
train_130d,candy
train_131a,juice
train_131b,cereal
train_131c,nuts
train_131d,candy
train_132a,coffee
train_132b,oil
train_132c,nuts
train_132d,tomatosauce
train_133a,chocolate
train_133b,nuts
train_133c,chocolate
train_133d,sugar
train_134a,candy
train_134b,soda
train_134c,fish
train_134d,oil
train_135a,cereal
train_135b,coffee
train_135c,pasta
train_135d,chips
train_136a,flour
train_136b,water
train_136c,pasta
train_136d,fish
train_137a,milk
train_137b,nuts
train_137c,flour
train_137d,cake
train_138a,honey
train_138b,chocolate
train_138c,flour
train_138d,candy
train_139a,chips
train_139b,water
train_139c,cereal
train_139d,beans
train_140a,honey
train_140b,water
train_140c,flour
train_140d,honey
train_141a,water
train_141b,vinegar
train_141c,cereal
train_141d,juice
train_142a,cereal
train_142b,pasta
train_142c,fish
train_142d,juice
train_143a,milk
train_143b,rice
train_143c,tomatosauce
train_143d,corn
train_144a,beans
train_144b,cake
train_144c,juice
train_144d,spices
train_145a,cake
train_145b,oil
train_145c,cereal
train_145d,pasta
train_146a,vinegar
train_146b,beans
train_146c,nuts
train_146d,tomatosauce
train_147a,chips
train_147b,cereal
train_147c,jam
train_147d,sugar
train_148a,chocolate
train_148b,tea
train_148c,candy
train_148d,water
train_149a,spices
train_149b,water
train_149c,oil
train_149d,candy
train_150a,juice
train_150b,chips
train_150c,candy
train_150d,milk
train_151a,coffee
train_151b,flour
train_151c,jam
train_151d,candy
train_152a,beans
train_152b,chocolate
train_152c,soda
train_152d,sugar
train_153a,beans
train_153b,chocolate
train_153c,jam
train_153d,water
train_154a,vinegar
train_154b,jam
train_154c,chips
train_154d,coffee
train_155a,coffee
train_155b,corn
train_155c,nuts
train_155d,cake
train_156a,soda
train_156b,candy
train_156c,cereal
train_156d,tomatosauce
train_157a,milk
train_157b,pasta
train_157c,flour
train_157d,honey
train_158a,rice
train_158b,tomatosauce
train_158c,beans
train_158d,spices
train_159a,jam
train_159b,cereal
train_159c,water
train_159d,water
train_160a,tomatosauce
train_160b,oil
train_160c,corn
train_160d,corn
train_161a,oil
train_161b,juice
train_161c,corn
train_161d,oil
train_162a,flour
train_162b,chips
train_162c,chips
train_162d,coffee
train_163a,cereal
train_163b,rice
train_163c,cereal
train_163d,juice
train_164a,oil
train_164b,pasta
train_164c,cake
train_164d,fish
train_165a,jam
train_165b,chocolate
train_165c,cake
train_165d,juice
train_166a,chocolate
train_166b,tomatosauce
train_166c,water
train_166d,cake
train_167a,fish
train_167b,jam
train_167c,candy
train_167d,flour
train_168a,juice
train_168b,vinegar
train_168c,fish
train_168d,beans
train_169a,juice
train_169b,jam
train_169c,corn
train_169d,chips
train_170a,water
train_170b,chocolate
train_170c,soda
train_170d,cereal
train_171a,cake
train_171b,cereal
train_171c,jam
train_171d,tomatosauce
train_172a,rice
train_172b,flour
train_172c,spices
train_172d,nuts
train_173a,chocolate
train_173b,pasta
train_173c,candy
train_173d,fish
train_174a,honey
train_174b,nuts
train_174c,milk
train_174d,jam
train_175a,candy
train_175b,sugar
train_175c,chips
train_175d,rice
train_176a,tea
train_176b,juice
train_176c,coffee
train_176d,nuts
train_177a,nuts
train_177b,water
train_177c,tea
train_177d,nuts
train_178a,honey
train_178b,milk
train_178c,juice
train_178d,chips
train_179a,tea
train_179b,coffee
train_179c,tea
train_179d,tomatosauce
train_180a,pasta
train_180b,candy
train_180c,oil
train_180d,juice
train_181a,coffee
train_181b,tea
train_181c,chocolate
train_181d,fish
train_182a,juice
train_182b,cake
train_182c,coffee
train_182d,cereal
train_183a,juice
train_183b,water
train_183c,vinegar
train_183d,beans
train_184a,cereal
train_184b,tea
train_184c,chocolate
train_184d,chocolate
train_185a,oil
train_185b,pasta
train_185c,soda
train_185d,coffee
train_186a,pasta
train_186b,tomatosauce
train_186c,vinegar
train_186d,cake
train_187a,coffee
train_187b,rice
train_187c,tomatosauce
train_187d,cereal
train_188a,sugar
train_188b,candy
train_188c,honey
train_188d,jam
train_189a,jam
train_189b,tomatosauce
train_189c,chocolate
train_189d,sugar
train_190a,water
train_190b,chips
train_190c,jam
train_190d,flour
train_191a,tomatosauce
train_191b,tea
train_191c,tomatosauce
train_191d,pasta
train_192a,rice
train_192b,cereal
train_192c,cereal
train_192d,pasta
train_193a,coffee
train_193b,milk
train_193c,cereal
train_193d,juice
train_194a,fish
train_194b,spices
train_194c,soda
train_194d,pasta
train_195a,tea
train_195b,chocolate
train_195c,sugar
train_195d,oil
train_196a,honey
train_196b,jam
train_196c,water
train_196d,nuts
train_197a,candy
train_197b,tea
train_197c,rice
train_197d,tea
train_198a,juice
train_198b,jam
train_198c,corn
train_198d,spices
train_199a,vinegar
train_199b,cereal
train_199c,oil
train_199d,soda
train_200a,milk
train_200b,soda
train_200c,juice
train_200d,cake
train_201a,sugar
train_201b,candy
train_201c,candy
train_201d,water
train_202a,tea
train_202b,honey
train_202c,jam
train_202d,jam
train_203a,juice
train_203b,nuts
train_203c,milk
train_203d,chips
train_204a,jam
train_204b,juice
train_204c,beans
train_204d,rice
train_205a,chips
train_205b,chips
train_205c,tea
train_205d,coffee
train_206a,juice
train_206b,jam
train_206c,coffee
train_206d,corn
train_207a,soda
train_207b,juice
train_207c,soda
train_207d,flour
train_208a,tea
train_208b,candy
train_208c,honey
train_208d,coffee
train_209a,juice
train_209b,candy
train_209c,water
train_209d,flour
train_210a,vinegar
train_210b,spices
train_210c,tea
train_210d,pasta
train_211a,chocolate
train_211b,chocolate
train_211c,candy
train_211d,cereal
train_212a,cake
train_212b,cake
train_212c,chips
train_212d,beans
train_213a,rice
train_213b,chips
train_213c,water
train_213d,spices
train_214a,coffee
train_214b,cake
train_214c,tea
train_214d,soda
train_215a,honey
train_215b,milk
train_215c,sugar
train_215d,candy
train_216a,candy
train_216b,beans
train_216c,cake
train_216d,tea
train_217a,coffee
train_217b,spices
train_217c,tea
train_217d,pasta
train_218a,spices
train_218b,fish
train_218c,spices
train_218d,milk
train_219a,coffee
train_219b,sugar
train_219c,beans
train_219d,juice
train_220a,chocolate
train_220b,beans
train_220c,flour
train_220d,juice
train_221a,chips
train_221b,cereal
train_221c,chocolate
train_221d,milk
train_222a,jam
train_222b,tea
train_222c,beans
train_222d,candy
train_223a,candy
train_223b,coffee
train_223c,tea
train_223d,cereal
train_224a,water
train_224b,coffee
train_224c,flour
train_224d,chocolate
train_225a,tomatosauce
train_225b,chips
train_225c,vinegar
train_225d,candy
train_226a,jam
train_226b,oil
train_226c,tea
train_226d,chocolate
train_227a,soda
train_227b,candy
train_227c,nuts
train_227d,chocolate
train_228a,jam
train_228b,honey
train_228c,spices
train_228d,juice
train_229a,flour
train_229b,beans
train_229c,nuts
train_229d,nuts
train_230a,honey
train_230b,jam
train_230c,coffee
train_230d,coffee
train_231a,juice
train_231b,beans
train_231c,coffee
train_231d,tea
train_232a,coffee
train_232b,nuts
train_232c,coffee
train_232d,milk
train_233a,honey
train_233b,flour
train_233c,cereal
train_233d,rice
train_234a,honey
train_234b,fish
train_234c,sugar
train_234d,fish
train_235a,tea
train_235b,jam
train_235c,spices
train_235d,jam
train_236a,coffee
train_236b,rice
train_236c,honey
train_236d,sugar
train_237a,water
train_237b,jam
train_237c,flour
train_237d,candy
train_238a,coffee
train_238b,juice
train_238c,jam
train_238d,tea
train_239a,juice
train_239b,candy
train_239c,soda
train_239d,rice
train_240a,rice
train_240b,chocolate
train_240c,jam
train_240d,coffee
train_241a,sugar
train_241b,chocolate
train_241c,honey
train_241d,water
train_242a,tomatosauce
train_242b,juice
train_242c,pasta
train_242d,vinegar
train_243a,tea
train_243b,cake
train_243c,water
train_243d,candy
train_244a,coffee
train_244b,water
train_244c,nuts
train_244d,soda
train_245a,milk
train_245b,tomatosauce
train_245c,water
train_245d,flour
train_246a,water
train_246b,juice
train_246c,oil
train_246d,soda
train_247a,cake
train_247b,jam
train_247c,water
train_247d,coffee
train_248a,flour
train_248b,coffee
train_248c,fish
train_248d,corn
train_249a,jam
train_249b,cake
train_249c,chips
train_249d,rice
train_250a,water
train_250b,tea
train_250c,tea
train_250d,chips
train_251a,cake
train_251b,jam
train_251c,vinegar
train_251d,tea
train_252a,chocolate
train_252b,cereal
train_252c,pasta
train_252d,beans
train_253a,fish
train_253b,honey
train_253c,flour
train_253d,jam
train_254a,juice
train_254b,spices
train_254c,cereal
train_254d,chocolate
train_255a,soda
train_255b,vinegar
train_255c,oil
train_255d,chips
train_256a,oil
train_256b,cake
train_256c,tea
train_256d,tea
train_257a,cake
train_257b,vinegar
train_257c,milk
train_257d,pasta
train_258a,juice
train_258b,water
train_258c,coffee
train_258d,tea
train_259a,tea
train_259b,nuts
train_259c,tomatosauce
train_259d,flour
train_260a,honey
train_260b,tea
train_260c,oil
train_260d,corn
train_261a,oil
train_261b,milk
train_261c,chips
train_261d,milk
train_262a,candy
train_262b,oil
train_262c,vinegar
train_262d,chips
train_263a,sugar
train_263b,oil
train_263c,fish
train_263d,nuts
train_264a,tea
train_264b,chocolate
train_264c,juice
train_264d,cereal
train_265a,water
train_265b,spices
train_265c,spices
train_265d,beans
train_266a,cereal
train_266b,juice
train_266c,coffee
train_266d,cake
train_267a,candy
train_267b,tomatosauce
train_267c,nuts
train_267d,cereal
train_268a,juice
train_268b,tea
train_268c,vinegar
train_268d,candy
train_269a,spices
train_269b,juice
train_269c,pasta
train_269d,vinegar
train_270a,cereal
train_270b,coffee
train_270c,cake
train_270d,chocolate
train_271a,tea
train_271b,tea
train_271c,candy
train_271d,beans
train_272a,corn
train_272b,candy
train_272c,coffee
train_272d,tea
train_273a,cereal
train_273b,cake
train_273c,water
train_273d,oil
train_274a,cereal
train_274b,chocolate
train_274c,vinegar
train_274d,chocolate
train_275a,spices
train_275b,cake
train_275c,oil
train_275d,fish
train_276a,candy
train_276b,beans
train_276c,spices
train_276d,tea
train_277a,oil
train_277b,chocolate
train_277c,tomatosauce
train_277d,pasta
train_278a,soda
train_278b,tomatosauce
train_278c,soda
train_278d,cereal
train_279a,cereal
train_279b,pasta
train_279c,tea
train_279d,juice
train_280a,cereal
train_280b,water
train_280c,cereal
train_280d,tea
train_281a,vinegar
train_281b,honey
train_281c,jam
train_281d,beans
train_282a,coffee
train_282b,chocolate
train_282c,spices
train_282d,honey
train_283a,coffee
train_283b,soda
train_283c,water
train_283d,honey
train_284a,oil
train_284b,water
train_284c,tea
train_284d,candy
train_285a,juice
train_285b,vinegar
train_285c,vinegar
train_285d,pasta
train_286a,pasta
train_286b,jam
train_286c,coffee
train_286d,pasta
train_287a,juice
train_287b,soda
train_287c,tea
train_287d,sugar
train_288a,flour
train_288b,corn
train_288c,water
train_288d,candy
train_289a,juice
train_289b,pasta
train_289c,oil
train_289d,rice
train_290a,oil
train_290b,jam
train_290c,coffee
train_290d,chips
train_291a,spices
train_291b,juice
train_291c,flour
train_291d,corn
train_292a,chocolate
train_292b,cake
train_292c,tea
train_292d,tea
train_293a,candy
train_293b,jam
train_293c,milk
train_293d,beans
train_294a,nuts
train_294b,water
train_294c,soda
train_294d,soda
train_295a,chips
train_295b,coffee
train_295c,tea
train_295d,candy
train_296a,vinegar
train_296b,rice
train_296c,honey
train_296d,coffee
train_297a,oil
train_297b,coffee
train_297c,cereal
train_297d,candy
train_298a,coffee
train_298b,chocolate
train_298c,nuts
train_298d,jam
train_299a,pasta
train_299b,chips
train_299c,candy
train_299d,jam
train_300a,nuts
train_300b,jam
train_300c,chocolate
train_300d,candy
train_301a,honey
train_301b,juice
train_301c,nuts
train_301d,fish
train_302a,fish
train_302b,candy
train_302c,corn
train_302d,coffee
train_303a,cake
train_303b,chocolate
train_303c,cereal
train_303d,water
train_304a,jam
train_304b,cereal
train_304c,cereal
train_304d,juice
train_305a,spices
train_305b,pasta
train_305c,spices
train_305d,soda
train_306a,flour
train_306b,rice
train_306c,juice
train_306d,cereal
train_307a,oil
train_307b,soda
train_307c,chocolate
train_307d,tea
train_308a,cake
train_308b,spices
train_308c,beans
train_308d,rice
train_309a,chips
train_309b,vinegar
train_309c,vinegar
train_309d,candy
train_310a,jam
train_310b,beans
train_310c,spices
train_310d,beans
train_311a,spices
train_311b,chips
train_311c,candy
train_311d,cereal
train_312a,corn
train_312b,milk
train_312c,spices
train_312d,milk
train_313a,vinegar
train_313b,juice
train_313c,juice
train_313d,chocolate
train_314a,cake
train_314b,vinegar
train_314c,nuts
train_314d,tomatosauce
train_315a,honey
train_315b,juice
train_315c,milk
train_315d,sugar
train_316a,candy
train_316b,chips
train_316c,milk
train_316d,cake
train_317a,spices
train_317b,juice
train_317c,tea
train_317d,cereal
train_318a,chips
train_318b,candy
train_318c,soda
train_318d,chips
train_319a,spices
train_319b,chocolate
train_319c,coffee
train_319d,cake
train_320a,honey
train_320b,tomatosauce
train_320c,fish
train_320d,rice
train_321a,cereal
train_321b,tomatosauce
train_321c,juice
train_321d,chocolate
train_322a,tea
train_322b,spices
train_322c,juice
train_322d,pasta
train_323a,coffee
train_323b,sugar
train_323c,juice
train_323d,chips
train_324a,nuts
train_324b,honey
train_324c,cake
train_324d,vinegar
train_325a,chips
train_325b,tea
train_325c,chips
train_325d,sugar
train_326a,cereal
train_326b,soda
train_326c,oil
train_326d,beans
train_327a,juice
train_327b,pasta
train_327c,cereal
train_327d,flour
train_328a,juice
train_328b,coffee
train_328c,sugar
train_328d,water
train_329a,spices
train_329b,cake
train_329c,spices
train_329d,candy
train_330a,candy
train_330b,chocolate
train_330c,spices
train_330d,flour
train_331a,honey
train_331b,juice
train_331c,chocolate
train_331d,candy
train_332a,jam
train_332b,milk
train_332c,jam
train_332d,milk
train_333a,tomatosauce
train_333b,cereal
train_333c,cereal
train_333d,flour
train_334a,milk
train_334b,spices
train_334c,cake
train_334d,rice
train_335a,jam
train_335b,tea
train_335c,jam
train_335d,oil
train_336a,corn
train_336b,cake
train_336c,tea
train_336d,nuts
train_337a,chocolate
train_337b,rice
train_337c,coffee
train_337d,water
train_338a,honey
train_338b,juice
train_338c,tomatosauce
train_338d,beans
train_339a,chocolate
train_339b,rice
train_339c,jam
train_339d,fish
train_340a,rice
train_340b,oil
train_340c,vinegar
train_340d,candy
train_341a,milk
train_341b,candy
train_341c,water
train_341d,soda
train_342a,spices
train_342b,sugar
train_342c,chips
train_342d,juice
train_343a,flour
train_343b,water
train_343c,cake
train_343d,sugar
train_344a,honey
train_344b,spices
train_344c,spices
train_344d,pasta
train_345a,rice
train_345b,corn
train_345c,nuts
train_345d,juice
train_346a,nuts
train_346b,milk
train_346c,soda
train_346d,cake
train_347a,honey
train_347b,pasta
train_347c,candy
train_347d,nuts
train_348a,jam
train_348b,juice
train_348c,cereal
train_348d,rice
train_349a,tea
train_349b,water
train_349c,cereal
train_349d,juice
train_350a,candy
train_350b,spices
train_350c,vinegar
train_350d,pasta
train_351a,candy
train_351b,soda
train_351c,chips
train_351d,candy
train_352a,water
train_352b,coffee
train_352c,water
train_352d,tea
train_353a,sugar
train_353b,spices
train_353c,rice
train_353d,chocolate
train_354a,nuts
train_354b,honey
train_354c,jam
train_354d,beans
train_355a,coffee
train_355b,candy
train_355c,spices
train_355d,nuts
train_356a,milk
train_356b,rice
train_356c,pasta
train_356d,rice
train_357a,pasta
train_357b,candy
train_357c,rice
train_357d,nuts
train_358a,tomatosauce
train_358b,tea
train_358c,chips
train_358d,candy
train_359a,juice
train_359b,beans
train_359c,vinegar
train_359d,water
train_360a,water
train_360b,fish
train_360c,fish
train_360d,coffee
train_361a,soda
train_361b,rice
train_361c,juice
train_361d,rice
train_362a,juice
train_362b,candy
train_362c,vinegar
train_362d,pasta
train_363a,jam
train_363b,candy
train_363c,chocolate
train_363d,cereal
train_364a,soda
train_364b,jam
train_364c,tomatosauce
train_364d,candy
train_365a,oil
train_365b,tomatosauce
train_365c,fish
train_365d,chocolate
train_366a,cereal
train_366b,tomatosauce
train_366c,oil
train_366d,honey
train_367a,juice
train_367b,water
train_367c,chips
train_367d,jam
train_368a,nuts
train_368b,chocolate
train_368c,oil
train_368d,chocolate
train_369a,cereal
train_369b,tea
train_369c,jam
train_369d,tea
train_370a,flour
train_370b,jam
train_370c,juice
train_370d,juice
train_371a,nuts
train_371b,candy
train_371c,tea
train_371d,coffee
train_372a,juice
train_372b,chips
train_372c,chips
train_372d,chocolate
train_373a,spices
train_373b,honey
train_373c,beans
train_373d,jam
train_374a,coffee
train_374b,honey
train_374c,sugar
train_374d,pasta
train_375a,water
train_375b,chocolate
train_375c,spices
train_375d,candy
train_376a,candy
train_376b,chocolate
train_376c,soda
train_376d,cereal
train_377a,spices
train_377b,flour
train_377c,spices
train_377d,milk
train_378a,soda
train_378b,water
train_378c,milk
train_378d,cereal
train_379a,spices
train_379b,nuts
train_379c,vinegar
train_379d,chips
train_380a,jam
train_380b,tomatosauce
train_380c,candy
train_380d,soda
train_381a,tomatosauce
train_381b,pasta
train_381c,coffee
train_381d,nuts
train_382a,jam
train_382b,milk
train_382c,tea
train_382d,beans
train_383a,chocolate
train_383b,tea
train_383c,vinegar
train_383d,jam
train_384a,sugar
train_384b,tomatosauce
train_384c,tea
train_384d,rice
train_385a,nuts
train_385b,spices
train_385c,oil
train_385d,coffee
train_386a,chocolate
train_386b,tomatosauce
train_386c,juice
train_386d,jam
train_387a,cereal
train_387b,beans
train_387c,spices
train_387d,pasta
train_388a,juice
train_388b,chocolate
train_388c,juice
train_388d,nuts
train_389a,water
train_389b,chocolate
train_389c,coffee
train_389d,vinegar
train_390a,oil
train_390b,soda
train_390c,cake
train_390d,chocolate
train_391a,chocolate
train_391b,water
train_391c,water
train_391d,spices
train_392a,pasta
train_392b,chocolate
train_392c,nuts
train_392d,milk
train_393a,tomatosauce
train_393b,flour
train_393c,chocolate
train_393d,honey
train_394a,beans
train_394b,chocolate
train_394c,soda
train_394d,tomatosauce
train_395a,tea
train_395b,soda
train_395c,tea
train_395d,sugar
train_396a,tea
train_396b,coffee
train_396c,rice
train_396d,fish
train_397a,chocolate
train_397b,nuts
train_397c,juice
train_397d,sugar
train_398a,pasta
train_398b,chips
train_398c,candy
train_398d,juice
train_399a,candy
train_399b,corn
train_399c,juice
train_399d,flour
train_400a,tomatosauce
train_400b,candy
train_400c,chips
train_400d,beans
train_401a,water
train_401b,beans
train_401c,vinegar
train_401d,tea
train_402a,tea
train_402b,oil
train_402c,chips
train_402d,spices
train_403a,juice
train_403b,tomatosauce
train_403c,spices
train_403d,beans
train_404a,spices
train_404b,fish
train_404c,spices
train_404d,cereal
train_405a,water
train_405b,chips
train_405c,juice
train_405d,oil
train_406a,cake
train_406b,cereal
train_406c,cereal
train_406d,cake
train_407a,pasta
train_407b,beans
train_407c,tea
train_407d,chocolate
train_408a,tomatosauce
train_408b,chocolate
train_408c,tea
train_408d,fish
train_409a,flour
train_409b,tomatosauce
train_409c,juice
train_409d,fish
train_410a,water
train_410b,milk
train_410c,water
train_410d,tea
train_411a,soda
train_411b,chips
train_411c,chocolate
train_411d,vinegar
train_412a,honey
train_412b,sugar
train_412c,coffee
train_412d,tomatosauce
train_413a,juice
train_413b,beans
train_413c,milk
train_413d,cereal
train_414a,cake
train_414b,tea
train_414c,beans
train_414d,corn
train_415a,candy
train_415b,soda
train_415c,flour
train_415d,nuts
train_416a,oil
train_416b,candy
train_416c,chocolate
train_416d,cake
train_417a,rice
train_417b,spices
train_417c,water
train_417d,vinegar
train_418a,vinegar
train_418b,candy
train_418c,juice
train_418d,vinegar
train_419a,juice
train_419b,candy
train_419c,vinegar
train_419d,sugar
train_420a,candy
train_420b,oil
train_420c,corn
train_420d,candy
train_421a,fish
train_421b,candy
train_421c,beans
train_421d,candy
train_422a,cereal
train_422b,cereal
train_422c,water
train_422d,cereal
train_423a,fish
train_423b,milk
train_423c,spices
train_423d,tea
train_424a,candy
train_424b,spices
train_424c,water
train_424d,chocolate
train_425a,honey
train_425b,cake
train_425c,cereal
train_425d,milk
train_426a,cereal
train_426b,candy
train_426c,chocolate
train_426d,candy
train_427a,tea
train_427b,cake
train_427c,vinegar
train_427d,jam
train_428a,cereal
train_428b,coffee
train_428c,tomatosauce
train_428d,oil
train_429a,honey
train_429b,cereal
train_429c,chocolate
train_429d,honey
train_430a,juice
train_430b,soda
train_430c,tea
train_430d,corn
train_431a,cereal
train_431b,oil
train_431c,honey
train_431d,candy
train_432a,chocolate
train_432b,juice
train_432c,coffee
train_432d,jam
train_433a,chips
train_433b,jam
train_433c,pasta
train_433d,cereal
train_434a,juice
train_434b,vinegar
train_434c,vinegar
train_434d,candy
train_435a,milk
train_435b,candy
train_435c,milk
train_435d,candy
train_436a,tea
train_436b,chips
train_436c,chocolate
train_436d,soda
train_437a,chocolate
train_437b,spices
train_437c,cereal
train_437d,cereal
train_438a,tea
train_438b,pasta
train_438c,pasta
train_438d,coffee
train_439a,chips
train_439b,coffee
train_439c,cereal
train_439d,oil
train_440a,tea
train_440b,water
train_440c,sugar
train_440d,tomatosauce
train_441a,pasta
train_441b,jam
train_441c,rice
train_441d,chips
train_442a,honey
train_442b,juice
train_442c,tomatosauce
train_442d,vinegar
train_443a,coffee
train_443b,chocolate
train_443c,cereal
train_443d,water
train_444a,vinegar
train_444b,rice
train_444c,soda
train_444d,juice
train_445a,milk
train_445b,tea
train_445c,tea
train_445d,soda
train_446a,honey
train_446b,sugar
train_446c,cereal
train_446d,chocolate
train_447a,tomatosauce
train_447b,candy
train_447c,water
train_447d,fish
train_448a,water
train_448b,juice
train_448c,nuts
train_448d,beans
train_449a,jam
train_449b,beans
train_449c,water
train_449d,tea
train_450a,candy
train_450b,candy
train_450c,candy
train_450d,cereal
train_451a,spices
train_451b,honey
train_451c,nuts
train_451d,coffee
train_452a,cake
train_452b,cereal
train_452c,juice
train_452d,rice
train_453a,tea
train_453b,milk
train_453c,vinegar
train_453d,nuts
train_454a,water
train_454b,tea
train_454c,honey
train_454d,honey
train_455a,beans
train_455b,jam
train_455c,vinegar
train_455d,juice
train_456a,chips
train_456b,candy
train_456c,water
train_456d,corn
train_457a,tea
train_457b,tea
train_457c,juice
train_457d,candy
train_458a,fish
train_458b,tea
train_458c,juice
train_458d,honey
train_459a,chocolate
train_459b,water
train_459c,juice
train_459d,water
train_460a,chips
train_460b,jam
train_460c,water
train_460d,juice
train_461a,tomatosauce
train_461b,pasta
train_461c,nuts
train_461d,juice
train_462a,chips
train_462b,jam
train_462c,chocolate
train_462d,juice
train_463a,milk
train_463b,chips
train_463c,corn
train_463d,chips
train_464a,candy
train_464b,tea
train_464c,juice
train_464d,water
train_465a,juice
train_465b,chocolate
train_465c,water
train_465d,cake
train_466a,jam
train_466b,honey
train_466c,candy
train_466d,chocolate
train_467a,nuts
train_467b,vinegar
train_467c,coffee
train_467d,cereal
train_468a,cereal
train_468b,corn
train_468c,oil
train_468d,cereal
train_469a,juice
train_469b,spices
train_469c,sugar
train_469d,honey
train_470a,soda
train_470b,sugar
train_470c,water
train_470d,tea
train_471a,candy
train_471b,sugar
train_471c,jam
train_471d,cake
train_472a,sugar
train_472b,coffee
train_472c,tomatosauce
train_472d,cereal
train_473a,pasta
train_473b,rice
train_473c,juice
train_473d,jam
train_474a,milk
train_474b,pasta
train_474c,juice
train_474d,beans
train_475a,soda
train_475b,chips
train_475c,candy
train_475d,jam
train_476a,juice
train_476b,beans
train_476c,spices
train_476d,candy
train_477a,soda
train_477b,sugar
train_477c,corn
train_477d,water
train_478a,chocolate
train_478b,cereal
train_478c,coffee
train_478d,cereal
train_479a,candy
train_479b,juice
train_479c,milk
train_479d,spices
train_480a,milk
train_480b,soda
train_480c,rice
train_480d,tea
train_481a,tea
train_481b,juice
train_481c,jam
train_481d,spices
train_482a,jam
train_482b,honey
train_482c,jam
train_482d,candy
train_483a,flour
train_483b,candy
train_483c,cake
train_483d,spices
train_484a,corn
train_484b,chips
train_484c,chips
train_484d,beans
train_485a,beans
train_485b,candy
train_485c,chocolate
train_485d,vinegar
train_486a,tea
train_486b,vinegar
train_486c,candy
train_486d,rice
train_487a,pasta
train_487b,candy
train_487c,spices
train_487d,vinegar
train_488a,sugar
train_488b,chocolate
train_488c,soda
train_488d,coffee
train_489a,water
train_489b,oil
train_489c,nuts
train_489d,oil
train_490a,chocolate
train_490b,tea
train_490c,sugar
train_490d,milk
train_491a,sugar
train_491b,soda
train_491c,spices
train_491d,water
train_492a,cereal
train_492b,cereal
train_492c,honey
train_492d,juice
train_493a,candy
train_493b,cake
train_493c,chocolate
train_493d,rice
train_494a,coffee
train_494b,sugar
train_494c,juice
train_494d,nuts
train_495a,chips
train_495b,cereal
train_495c,candy
train_495d,coffee
train_496a,pasta
train_496b,vinegar
train_496c,cereal
train_496d,chocolate
train_497a,tea
train_497b,tea
train_497c,milk
train_497d,chocolate
train_498a,nuts
train_498b,jam
train_498c,water
train_498d,cake
train_499a,coffee
train_499b,corn
train_499c,water
train_499d,candy
train_500a,flour
train_500b,jam
train_500c,honey
train_500d,pasta
train_501a,tomatosauce
train_501b,tea
train_501c,tomatosauce
train_501d,nuts
train_502a,oil
train_502b,chocolate
train_502c,water
train_502d,soda
train_503a,sugar
train_503b,tea
train_503c,milk
train_503d,jam
train_504a,soda
train_504b,cereal
train_504c,jam
train_504d,tea
train_505a,tea
train_505b,beans
train_505c,fish
train_505d,spices
train_506a,coffee
train_506b,jam
train_506c,oil
train_506d,beans
train_507a,jam
train_507b,cake
train_507c,cake
train_507d,tea
train_508a,chocolate
train_508b,tea
train_508c,pasta
train_508d,soda
train_509a,cereal
train_509b,pasta
train_509c,water
train_509d,cake
train_510a,cake
train_510b,water
train_510c,cereal
train_510d,soda
train_511a,milk
train_511b,chips
train_511c,nuts
train_511d,soda
train_512a,candy
train_512b,tea
train_512c,candy
train_512d,spices
train_513a,coffee
train_513b,oil
train_513c,jam
train_513d,chips
train_514a,candy
train_514b,corn
train_514c,cake
train_514d,water
train_515a,coffee
train_515b,cake
train_515c,sugar
train_515d,vinegar
train_516a,milk
train_516b,tomatosauce
train_516c,pasta
train_516d,oil
train_517a,cereal
train_517b,jam
train_517c,oil
train_517d,chocolate
train_518a,coffee
train_518b,chips
train_518c,nuts
train_518d,cereal
train_519a,tomatosauce
train_519b,sugar
train_519c,flour
train_519d,rice
train_520a,cereal
train_520b,tomatosauce
train_520c,cereal
train_520d,pasta
train_521a,sugar
train_521b,honey
train_521c,coffee
train_521d,candy
train_522a,corn
train_522b,cereal
train_522c,oil
train_522d,chips
train_523a,beans
train_523b,jam
train_523c,jam
train_523d,vinegar
train_524a,chips
train_524b,rice
train_524c,milk
train_524d,nuts
train_525a,beans
train_525b,rice
train_525c,spices
train_525d,flour
train_526a,cake
train_526b,pasta
train_526c,jam
train_526d,coffee
train_527a,juice
train_527b,nuts
train_527c,tea
train_527d,beans
train_528a,juice
train_528b,coffee
train_528c,chocolate
train_528d,cereal
train_529a,candy
train_529b,cereal
train_529c,flour
train_529d,juice
train_530a,coffee
train_530b,honey
train_530c,juice
train_530d,soda
train_531a,milk
train_531b,chocolate
train_531c,honey
train_531d,spices
train_532a,water
train_532b,jam
train_532c,milk
train_532d,rice
train_533a,coffee
train_533b,tomatosauce
train_533c,candy
train_533d,juice
train_534a,coffee
train_534b,nuts
train_534c,milk
train_534d,coffee
train_535a,candy
train_535b,spices
train_535c,water
train_535d,candy
train_536a,candy
train_536b,juice
train_536c,soda
train_536d,juice
train_537a,cake
train_537b,tomatosauce
train_537c,milk
train_537d,water
train_538a,chips
train_538b,candy
train_538c,jam
train_538d,candy
train_539a,spices
train_539b,coffee
train_539c,candy
train_539d,water
train_540a,chips
train_540b,chocolate
train_540c,water
train_540d,honey
train_541a,cereal
train_541b,vinegar
train_541c,soda
train_541d,spices
train_542a,juice
train_542b,juice
train_542c,chocolate
train_542d,milk
train_543a,jam
train_543b,spices
train_543c,fish
train_543d,chips
train_544a,tea
train_544b,rice
train_544c,oil
train_544d,jam
train_545a,tomatosauce
train_545b,soda
train_545c,tea
train_545d,jam
train_546a,chips
train_546b,chocolate
train_546c,tea
train_546d,water
train_547a,candy
train_547b,honey
train_547c,tea
train_547d,chocolate
train_548a,tomatosauce
train_548b,candy
train_548c,candy
train_548d,chocolate
train_549a,chocolate
train_549b,cereal
train_549c,pasta
train_549d,rice
train_550a,spices
train_550b,chocolate
train_550c,flour
train_550d,coffee
train_551a,honey
train_551b,vinegar
train_551c,pasta
train_551d,honey
train_552a,pasta
train_552b,sugar
train_552c,tea
train_552d,candy
train_553a,flour
train_553b,juice
train_553c,nuts
train_553d,pasta
train_554a,candy
train_554b,beans
train_554c,rice
train_554d,chocolate
train_555a,sugar
train_555b,pasta
train_555c,juice
train_555d,tomatosauce
train_556a,tea
train_556b,jam
train_556c,oil
train_556d,corn
train_557a,pasta
train_557b,milk
train_557c,candy
train_557d,milk
train_558a,coffee
train_558b,soda
train_558c,water
train_558d,corn
train_559a,chocolate
train_559b,candy
train_559c,water
train_559d,coffee
train_560a,sugar
train_560b,honey
train_560c,coffee
train_560d,corn
train_561a,candy
train_561b,fish
train_561c,cereal
train_561d,jam
train_562a,flour
train_562b,coffee
train_562c,milk
train_562d,tea
train_563a,nuts
train_563b,juice
train_563c,tea
train_563d,cake
train_564a,soda
train_564b,sugar
train_564c,coffee
train_564d,tomatosauce
train_565a,tea
train_565b,jam
train_565c,coffee
train_565d,chocolate
train_566a,milk
train_566b,milk
train_566c,coffee
train_566d,milk
train_567a,cereal
train_567b,water
train_567c,sugar
train_567d,pasta
train_568a,juice
train_568b,jam
train_568c,spices
train_568d,beans
train_569a,vinegar
train_569b,nuts
train_569c,chocolate
train_569d,spices
train_570a,coffee
train_570b,candy
train_570c,soda
train_570d,soda
train_571a,coffee
train_571b,fish
train_571c,chips
train_571d,juice
train_572a,cereal
train_572b,cereal
train_572c,chips
train_572d,rice
train_573a,corn
train_573b,tomatosauce
train_573c,jam
train_573d,chocolate
train_574a,spices
train_574b,flour
train_574c,tea
train_574d,jam
train_575a,water
train_575b,cereal
train_575c,honey
train_575d,cake
train_576a,juice
train_576b,candy
train_576c,tea
train_576d,tomatosauce
train_577a,juice
train_577b,nuts
train_577c,jam
train_577d,nuts
train_578a,tea
train_578b,candy
train_578c,chocolate
train_578d,pasta
train_579a,cake
train_579b,cereal
train_579c,tea
train_579d,fish
train_580a,chocolate
train_580b,cereal
train_580c,nuts
train_580d,milk
train_581a,coffee
train_581b,sugar
train_581c,sugar
train_581d,corn
train_582a,sugar
train_582b,oil
train_582c,candy
train_582d,water
train_583a,water
train_583b,soda
train_583c,candy
train_583d,chocolate
train_584a,beans
train_584b,juice
train_584c,cake
train_584d,nuts
train_585a,nuts
train_585b,cake
train_585c,tea
train_585d,pasta
train_586a,fish
train_586b,vinegar
train_586c,water
train_586d,cake
train_587a,spices
train_587b,cake
train_587c,chocolate
train_587d,rice
train_588a,flour
train_588b,candy
train_588c,cake
train_588d,spices
train_589a,chocolate
train_589b,tea
train_589c,chips
train_589d,fish
train_590a,tea
train_590b,coffee
train_590c,flour
train_590d,cereal
train_591a,chips
train_591b,cake
train_591c,sugar
train_591d,chocolate
train_592a,tomatosauce
train_592b,water
train_592c,juice
train_592d,jam
train_593a,chips
train_593b,cake
train_593c,cereal
train_593d,cereal
train_594a,cake
train_594b,candy
train_594c,jam
train_594d,oil
train_595a,tomatosauce
train_595b,water
train_595c,pasta
train_595d,candy
train_596a,milk
train_596b,water
train_596c,vinegar
train_596d,tea
train_597a,cereal
train_597b,nuts
train_597c,pasta
train_597d,cake
train_598a,jam
train_598b,cereal
train_598c,corn
train_598d,tomatosauce
train_599a,juice
train_599b,sugar
train_599c,flour
train_599d,candy
train_600a,tea
train_600b,nuts
train_600c,nuts
train_600d,coffee
train_601a,water
train_601b,juice
train_601c,water
train_601d,juice
train_602a,cake
train_602b,sugar
train_602c,tea
train_602d,chocolate
train_603a,nuts
train_603b,vinegar
train_603c,spices
train_603d,juice
train_604a,jam
train_604b,honey
train_604c,tea
train_604d,fish
train_605a,spices
train_605b,sugar
train_605c,tomatosauce
train_605d,spices
train_606a,cake
train_606b,jam
train_606c,water
train_606d,water
train_607a,juice
train_607b,soda
train_607c,chips
train_607d,cake
train_608a,chocolate
train_608b,chips
train_608c,coffee
train_608d,tomatosauce
train_609a,honey
train_609b,vinegar
train_609c,beans
train_609d,cake
train_610a,flour
train_610b,pasta
train_610c,tea
train_610d,juice
train_611a,juice
train_611b,chips
train_611c,candy
train_611d,jam
train_612a,water
train_612b,candy
train_612c,milk
train_612d,chocolate
train_613a,pasta
train_613b,chocolate
train_613c,soda
train_613d,candy
train_614a,chips
train_614b,rice
train_614c,juice
train_614d,water
train_615a,candy
train_615b,flour
train_615c,chocolate
train_615d,spices
train_616a,oil
train_616b,juice
train_616c,sugar
train_616d,spices
train_617a,milk
train_617b,coffee
train_617c,coffee
train_617d,beans
train_618a,chocolate
train_618b,corn
train_618c,pasta
train_618d,milk
train_619a,candy
train_619b,pasta
train_619c,water
train_619d,cereal
train_620a,rice
train_620b,chocolate
train_620c,beans
train_620d,milk
train_621a,candy
train_621b,beans
train_621c,rice
train_621d,vinegar
train_622a,vinegar
train_622b,jam
train_622c,coffee
train_622d,pasta
train_623a,candy
train_623b,water
train_623c,tomatosauce
train_623d,spices
train_624a,juice
train_624b,soda
train_624c,rice
train_624d,pasta
train_625a,pasta
train_625b,coffee
train_625c,pasta
train_625d,tea
train_626a,juice
train_626b,coffee
train_626c,chocolate
train_626d,beans
train_627a,tomatosauce
train_627b,tomatosauce
train_627c,tomatosauce
train_627d,soda
train_628a,candy
train_628b,fish
train_628c,juice
train_628d,cereal
train_629a,honey
train_629b,cereal
train_629c,water
train_629d,juice
train_630a,oil
train_630b,honey
train_630c,juice
train_630d,cake
train_631a,rice
train_631b,water
train_631c,coffee
train_631d,rice
train_632a,cereal
train_632b,juice
train_632c,chocolate
train_632d,jam
train_633a,tea
train_633b,tomatosauce
train_633c,candy
train_633d,tea
train_634a,candy
train_634b,fish
train_634c,soda
train_634d,honey
train_635a,chocolate
train_635b,water
train_635c,vinegar
train_635d,coffee
train_636a,soda
train_636b,coffee
train_636c,soda
train_636d,fish
train_637a,sugar
train_637b,water
train_637c,sugar
train_637d,sugar
train_638a,coffee
train_638b,oil
train_638c,oil
train_638d,fish
train_639a,juice
train_639b,tea
train_639c,chips
train_639d,chips
train_640a,oil
train_640b,candy
train_640c,vinegar
train_640d,jam
train_641a,honey
train_641b,cereal
train_641c,oil
train_641d,coffee
train_642a,coffee
train_642b,honey
train_642c,jam
train_642d,rice
train_643a,honey
train_643b,rice
train_643c,milk
train_643d,honey
train_644a,chocolate
train_644b,corn
train_644c,spices
train_644d,honey
train_645a,vinegar
train_645b,oil
train_645c,flour
train_645d,spices
train_646a,fish
train_646b,cake
train_646c,water
train_646d,chocolate
train_647a,rice
train_647b,nuts
train_647c,spices
train_647d,water
train_648a,jam
train_648b,rice
train_648c,candy
train_648d,vinegar
train_649a,corn
train_649b,flour
train_649c,jam
train_649d,nuts
train_650a,spices
train_650b,chips
train_650c,milk
train_650d,spices
train_651a,juice
train_651b,cake
train_651c,chocolate
train_651d,water
train_652a,candy
train_652b,spices
train_652c,chocolate
train_652d,soda
train_653a,beans
train_653b,cake
train_653c,candy
train_653d,coffee
train_654a,spices
train_654b,coffee
train_654c,candy
train_654d,fish
train_655a,beans
train_655b,candy
train_655c,pasta
train_655d,water
train_656a,pasta
train_656b,pasta
train_656c,vinegar
train_656d,oil
train_657a,coffee
train_657b,beans
train_657c,chocolate
train_657d,nuts
train_658a,milk
train_658b,jam
train_658c,nuts
train_658d,water
train_659a,coffee
train_659b,coffee
train_659c,jam
train_659d,cereal
train_660a,chips
train_660b,oil
train_660c,tea
train_660d,tea
train_661a,candy
train_661b,cereal
train_661c,coffee
train_661d,fish
train_662a,chips
train_662b,coffee
train_662c,candy
train_662d,rice
train_663a,chips
train_663b,spices
train_663c,oil
train_663d,candy
train_664a,candy
train_664b,beans
train_664c,coffee
train_664d,candy
train_665a,tea
train_665b,oil
train_665c,chips
train_665d,chocolate
train_666a,candy
train_666b,soda
train_666c,corn
train_666d,candy
train_667a,chips
train_667b,juice
train_667c,spices
train_667d,beans
train_668a,corn
train_668b,spices
train_668c,jam
train_668d,chocolate
train_669a,corn
train_669b,candy
train_669c,soda
train_669d,cake
train_670a,tea
train_670b,coffee
train_670c,coffee
train_670d,chips
train_671a,fish
train_671b,sugar
train_671c,corn
train_671d,cereal
train_672a,jam
train_672b,coffee
train_672c,nuts
train_672d,oil
train_673a,tea
train_673b,candy
train_673c,vinegar
train_673d,candy
train_674a,milk
train_674b,cereal
train_674c,vinegar
train_674d,tea
train_675a,rice
train_675b,soda
train_675c,coffee
train_675d,jam
train_676a,oil
train_676b,tomatosauce
train_676c,spices
train_676d,candy
train_677a,pasta
train_677b,candy
train_677c,honey
train_677d,chocolate
train_678a,tomatosauce
train_678b,chocolate
train_678c,jam
train_678d,cake
train_679a,cereal
train_679b,beans
train_679c,coffee
train_679d,coffee
train_680a,flour
train_680b,honey
train_680c,coffee
train_680d,flour
train_681a,honey
train_681b,coffee
train_681c,candy
train_681d,nuts
train_682a,vinegar
train_682b,oil
train_682c,tea
train_682d,candy
train_683a,water
train_683b,soda
train_683c,coffee
train_683d,beans
train_684a,pasta
train_684b,jam
train_684c,chocolate
train_684d,soda
train_685a,beans
train_685b,fish
train_685c,nuts
train_685d,chocolate
train_686a,chocolate
train_686b,candy
train_686c,nuts
train_686d,coffee
train_687a,beans
train_687b,candy
train_687c,water
train_687d,chocolate
train_688a,pasta
train_688b,coffee
train_688c,coffee
train_688d,candy
train_689a,water
train_689b,water
train_689c,candy
train_689d,chocolate
train_690a,vinegar
train_690b,soda
train_690c,coffee
train_690d,chocolate
train_691a,water
train_691b,water
train_691c,juice
train_691d,honey
train_692a,pasta
train_692b,nuts
train_692c,candy
train_692d,sugar
train_693a,fish
train_693b,coffee
train_693c,jam
train_693d,milk
train_694a,milk
train_694b,vinegar
train_694c,water
train_694d,jam
train_695a,flour
train_695b,jam
train_695c,spices
train_695d,spices
train_696a,fish
train_696b,tea
train_696c,juice
train_696d,juice
train_697a,cereal
train_697b,chocolate
train_697c,nuts
train_697d,cereal
train_698a,tea
train_698b,nuts
train_698c,sugar
train_698d,corn
train_699a,coffee
train_699b,tomatosauce
train_699c,chips
train_699d,vinegar
train_700a,corn
train_700b,jam
train_700c,candy
train_700d,cake
train_701a,tomatosauce
train_701b,honey
train_701c,fish
train_701d,water
train_702a,candy
train_702b,flour
train_702c,soda
train_702d,water
train_703a,sugar
train_703b,cake
train_703c,tea
train_703d,cereal
train_704a,chocolate
train_704b,tomatosauce
train_704c,candy
train_704d,chocolate
train_705a,sugar
train_705b,jam
train_705c,coffee
train_705d,candy
train_706a,water
train_706b,tomatosauce
train_706c,juice
train_706d,jam
train_707a,juice
train_707b,cereal
train_707c,candy
train_707d,coffee
train_708a,water
train_708b,beans
train_708c,jam
train_708d,chocolate
train_709a,soda
train_709b,tea
train_709c,jam
train_709d,tomatosauce
train_710a,candy
train_710b,jam
train_710c,flour
train_710d,juice
train_711a,tea
train_711b,coffee
train_711c,nuts
train_711d,cereal
train_712a,coffee
train_712b,jam
train_712c,fish
train_712d,pasta
train_713a,chocolate
train_713b,nuts
train_713c,coffee
train_713d,water
train_714a,cereal
train_714b,soda
train_714c,tea
train_714d,tea
train_715a,cereal
train_715b,milk
train_715c,sugar
train_715d,vinegar
train_716a,chocolate
train_716b,pasta
train_716c,candy
train_716d,vinegar
train_717a,oil
train_717b,vinegar
train_717c,tomatosauce
train_717d,chips
train_718a,coffee
train_718b,chocolate
train_718c,corn
train_718d,milk
train_719a,fish
train_719b,tomatosauce
train_719c,cereal
train_719d,spices
train_720a,chips
train_720b,milk
train_720c,rice
train_720d,cake
train_721a,vinegar
train_721b,water
train_721c,coffee
train_721d,rice
train_722a,vinegar
train_722b,milk
train_722c,flour
train_722d,spices
train_723a,pasta
train_723b,spices
train_723c,rice
train_723d,juice
train_724a,juice
train_724b,chocolate
train_724c,tea
train_724d,candy
train_725a,chocolate
train_725b,candy
train_725c,jam
train_725d,cereal
train_726a,flour
train_726b,cereal
train_726c,milk
train_726d,chocolate
train_727a,oil
train_727b,honey
train_727c,fish
train_727d,oil
train_728a,water
train_728b,vinegar
train_728c,cake
train_728d,tea
train_729a,cake
train_729b,juice
train_729c,rice
train_729d,soda
train_730a,vinegar
train_730b,chocolate
train_730c,jam
train_730d,coffee
train_731a,soda
train_731b,nuts
train_731c,cereal
train_731d,soda
train_732a,pasta
train_732b,chocolate
train_732c,juice
train_732d,candy
train_733a,spices
train_733b,cereal
train_733c,oil
train_733d,tea
train_734a,coffee
train_734b,vinegar
train_734c,coffee
train_734d,cereal
train_735a,coffee
train_735b,candy
train_735c,water
train_735d,water
train_736a,pasta
train_736b,milk
train_736c,juice
train_736d,chips
train_737a,cereal
train_737b,corn
train_737c,juice
train_737d,beans
train_738a,chocolate
train_738b,soda
train_738c,milk
train_738d,chocolate
train_739a,flour
train_739b,pasta
train_739c,candy
train_739d,coffee
train_740a,tea
train_740b,juice
train_740c,chocolate
train_740d,chocolate
train_741a,spices
train_741b,fish
train_741c,vinegar
train_741d,chocolate
train_742a,spices
train_742b,tomatosauce
train_742c,oil
train_742d,tea
train_743a,spices
train_743b,tea
train_743c,jam
train_743d,candy
train_744a,cereal
train_744b,spices
train_744c,chips
train_744d,jam
train_745a,chips
train_745b,oil
train_745c,spices
train_745d,spices
train_746a,candy
train_746b,water
train_746c,nuts
train_746d,spices
train_747a,honey
train_747b,soda
train_747c,tea
train_747d,spices
train_748a,cereal
train_748b,juice
train_748c,water
train_748d,water
train_749a,candy
train_749b,spices
train_749c,cake
train_749d,pasta
train_750a,cereal
train_750b,cereal
train_750c,vinegar
train_750d,coffee
train_751a,pasta
train_751b,tomatosauce
train_751c,candy
train_751d,honey
train_752a,water
train_752b,cereal
train_752c,oil
train_752d,candy
train_753a,chips
train_753b,sugar
train_753c,tea
train_753d,soda
train_754a,jam
train_754b,pasta
train_754c,tea
train_754d,rice
train_755a,flour
train_755b,honey
train_755c,honey
train_755d,pasta
train_756a,spices
train_756b,beans
train_756c,vinegar
train_756d,coffee
train_757a,tomatosauce
train_757b,candy
train_757c,coffee
train_757d,water
train_758a,pasta
train_758b,soda
train_758c,flour
train_758d,candy
train_759a,tea
train_759b,water
train_759c,nuts
train_759d,spices
train_760a,tomatosauce
train_760b,tea
train_760c,jam
train_760d,chocolate
train_761a,cake
train_761b,water
train_761c,jam
train_761d,jam
train_762a,cake
train_762b,oil
train_762c,coffee
train_762d,rice
train_763a,coffee
train_763b,chocolate
train_763c,coffee
train_763d,chips
train_764a,cereal
train_764b,spices
train_764c,milk
train_764d,soda
train_765a,cereal
train_765b,coffee
train_765c,fish
train_765d,tea
train_766a,tomatosauce
train_766b,pasta
train_766c,chocolate
train_766d,tea
train_767a,oil
train_767b,milk
train_767c,chocolate
train_767d,water
train_768a,juice
train_768b,beans
train_768c,chips
train_768d,honey
train_769a,tea
train_769b,tomatosauce
train_769c,candy
train_769d,water
train_770a,tomatosauce
train_770b,honey
train_770c,water
train_770d,juice
train_771a,nuts
train_771b,cereal
train_771c,honey
train_771d,coffee
train_772a,sugar
train_772b,honey
train_772c,cake
train_772d,tea
train_773a,water
train_773b,cereal
train_773c,jam
train_773d,juice
train_774a,juice
train_774b,nuts
train_774c,soda
train_774d,soda
train_775a,milk
train_775b,cereal
train_775c,cereal
train_775d,honey
train_776a,chocolate
train_776b,fish
train_776c,jam
train_776d,cereal
train_777a,cereal
train_777b,nuts
train_777c,beans
train_777d,tea
train_778a,candy
train_778b,spices
train_778c,nuts
train_778d,chips
train_779a,tomatosauce
train_779b,vinegar
train_779c,corn
train_779d,rice
train_780a,coffee
train_780b,soda
train_780c,water
train_780d,rice
train_781a,milk
train_781b,juice
train_781c,cereal
train_781d,spices
train_782a,cereal
train_782b,water
train_782c,tomatosauce
train_782d,oil
train_783a,cake
train_783b,coffee
train_783c,nuts
train_783d,coffee
train_784a,jam
train_784b,tomatosauce
train_784c,fish
train_784d,chocolate
train_785a,jam
train_785b,soda
train_785c,milk
train_785d,water
train_786a,tea
train_786b,honey
train_786c,tea
train_786d,chips
train_787a,corn
train_787b,sugar
train_787c,water
train_787d,jam
train_788a,vinegar
train_788b,coffee
train_788c,cereal
train_788d,spices
train_789a,candy
train_789b,candy
train_789c,honey
train_789d,chocolate
train_790a,chocolate
train_790b,flour
train_790c,juice
train_790d,sugar
train_791a,honey
train_791b,water
train_791c,chocolate
train_791d,water
train_792a,cereal
train_792b,beans
train_792c,milk
train_792d,cereal
train_793a,cereal
train_793b,coffee
train_793c,water
train_793d,juice
train_794a,coffee
train_794b,chocolate
train_794c,fish
train_794d,beans
train_795a,oil
train_795b,nuts
train_795c,honey
train_795d,candy
train_796a,tea
train_796b,oil
train_796c,tea
train_796d,candy
train_797a,candy
train_797b,rice
train_797c,rice
train_797d,water
train_798a,coffee
train_798b,nuts
train_798c,candy
train_798d,tomatosauce
train_799a,fish
train_799b,honey
train_799c,spices
train_799d,tomatosauce
train_800a,cereal
train_800b,cake
train_800c,oil
train_800d,vinegar
train_801a,tea
train_801b,water
train_801c,candy
train_801d,juice
train_802a,water
train_802b,jam
train_802c,honey
train_802d,coffee
train_803a,juice
train_803b,tomatosauce
train_803c,soda
train_803d,spices
train_804a,nuts
train_804b,candy
train_804c,coffee
